Workbook

Sheet Document control
A1: EM26-21 — Non-Functional Requirements Register (2025 → 2026)
A2: AJACE Inc. · EchoMind Product · ISO 9001:2015 evidence · Controlled in docs/qms (git); uncontrolled when printed
A4: Field | B4: Entry
A5: Document ID | B5: EM26-21
A6: Title | B6: Non-Functional Requirements Register (2025 → 2026)
A7: Version | B7: 1.1
A8: Date | B8: 2026-10-12
A9: Organisation | B9: AJACE Inc. — 14159 Robert Paris Ct., Suite A, Chantilly, VA 20151, USA
A10: Area / project | B10: EchoMind Product — EchoMind (2025 pilot appliance) and EchoMind Enterprise (2026, repository RW2523/echomind-enterprise)
A11: Status | B11: APPROVED — rev 1.1 2026-10-12 (AR-2026-004); rev 1.0 2026-10-12 (AR-2026-003)
A12: Purpose | B12: The non-functional requirements (performance, accuracy, security, reliability, maintainability, data protection) — where each came from, its approved target, how and how often it is measured, every recorded measurement, and the status. Closes 2025 audit finding #6 (8.2.2).
A13: Sources | B13: REG-09 and EM26-17 (targets approved 2026-10-07, AR-2026-001); eval/reports (24 golden runs); eval/paper (E1–E10); acceptance runs 1–4; CI; 2025 SOW and lessons log.
A14: Copy | B14: PUBLIC COPY — clients shown as Client A–D; the controlled copy given to the auditor carries the names
A15: Dating rule | B15: Every date comes from a record: a 2025 minute or review document, a git commit, a register entry or a test run. Where a remembered month and the commit record differed, the commit date is used. Nothing is back-dated.
... A22: Summary | B22: Status counts (live formulas)
A24: Role | B24: Name | C24: Signature | D24: Date
A25: Prepared by — Lead Engineer | B25: Richard Watson Stephen Amudha | C25: Richard Watson Stephen Amudha | D25: 2026-10-12
A26: Reviewed by — EchoMind Project Lead | B26: Alexander Peter | C26: Alexander Peter | D26: 2026-10-12
A27: Quality assurance — QA / MR | B27: Sheryl Nazareth | C27: Sheryl Nazareth | D27: 2026-10-12
A28: Approved by — Managing Director | B28: Anita Johan | C28: Anita Johan | D28: 2026-10-12
A30: Approval record
A31: Rev 1.1: docs/qms/records/approvals/2026-10-12_AR-2026-004_register_revision_approval.md; rev 1.0: …/2026-10-12_AR-2026-003_register_approval.md. Review and approval confirmed by each role holder; signatures are their typed names (SOP-01 §6).
A33: Date | B33: Version | C33: Owner | D33: Change
A34: 2026-10-11 | B34: 1.0 | C34: Richard Watson Stephen Amudha (Lead Engineer) | D34: First issue
A35: 2026-10-12 | B35: 1.0 | C35: Anita Johan (Managing Director) | D35: Approved — AR-2026-003
A36: 2026-10-12 | B36: 1.1 | C36: Richard Watson Stephen Amudha (Lead Engineer) | D36: Versions v1.0.0–v1.4.1 added (v1.0.0–v1.3.0 retrospective baselines, REG-08 §2a); version reviews
A37: 2026-10-12 | B37: 1.1 | C37: Anita Johan (Managing Director) | D37: Approved — AR-2026-004

Sheet NFR register
A1: Non-functional requirements — current register
A2: Targets approved by the Managing Director on 2026-10-07 (AR-2026-001). First recorded in REG-09 on 2026-09-22.
A4: NFR ID | B4: Category | C4: Requirement | D4: Origin (review) | E4: Raised | F4: Why | G4: Target | H4: Target approved | I4: Latest measured | J4: Measured on | K4: Status | L4: Monitoring frequency | M4: Method / evidence | N4: Owner
A5: NFR-P01 | B5: Performance | C5: Grounded chat answer latency | D5: CR-2026-06 | E5: 2026-04 | F5: Client A: answers too slow | G5: median ≤ 4 s; p95 ≤ 16 s | H5: 2026-10-07 | I5: median 3.31 s; p95 15.17 s (n=30) | J5: 2026-08-07 | K5: Meets | L5: Per study / major change | M5: Paper harness E1 — eval/paper/results/e1_latency.json | N5: Richard Watson Stephen Amudha
A6: NFR-P02 | B6: Performance | C6: Retrieval share of answer latency | D6: RV-2026-02 | E6: 2026-08-07 | F6: Paper study | G6: Monitor only (no target) | H6: 2026-10-07 | I6: 2.8 % | J6: 2026-08-07 | K6: Monitored | L6: Per study / major change | M6: E1 decomposition | N6: Richard Watson Stephen Amudha
A7: NFR-P03 | B7: Performance | C7: Tenant permission-filter overhead | D7: RV-2026-02 | E7: 2026-08-07 | F7: Paper study | G7: ≤ 1 ms | H7: 2026-10-07 | I7: 0.08 ms | J7: 2026-08-07 | K7: Meets | L7: Per study / major change | M7: E1 | N7: Richard Watson Stephen Amudha
A8: NFR-P04 | B8: Performance | C8: Voice: end of speech → first audible reply (dual-loop) | D8: CR-2026-03 | E8: 2026-03 | F8: Clients A and B: conversation slow and not natural | G8: median ≤ 1.0 s | H8: 2026-10-07 | I8: median 636 ms; p95 894 ms (n=10) | J8: 2026-08-07 | K8: Meets | L8: Per study / major change | M8: E10 ablation — e10_ablation.json; paper | N8: Richard Watson Stephen Amudha
A9: NFR-P05 | B9: Performance | C9: Voice first reply after speculative-reply work | D9: RV-2026-03 | E9: 2026-09-21 | F9: Voice redesign review | G9: median ≤ 1.0 s | H9: 2026-10-07 | I9: 0.14–0.49 s on GPU (12 turns, 2 personas); on CPU since 2026-10-06 — to re-measure | J9: 2026-09-21 | K9: Meets (GPU) — re-measure on CPU | L9: Each release | M9: voice_e2e session test; commit ff29843 | N9: Richard Watson Stephen Amudha
A10: NFR-P06 | B10: Performance | C10: Final speech-to-text decode time | D10: CR-2026-06 | E10: 2026-04 | F10: Client A: transcript speed | G10: ≤ 300 ms (GPU) / ≤ 1.6 s (CPU mode) | H10: 2026-10-07 | I10: 70–130 ms on GPU; CPU mode since 2026-10-06 — to re-measure | J10: 2026-09-21 | K10: Re-measure | L10: Each release | M10: commit ff29843 | N10: Richard Watson Stephen Amudha
A11: NFR-P07 | B11: Performance | C11: Barge-in: interrupt → assistant audio stops | D11: CR-2026-03 | E11: 2026-03 | F11: Clients A and B: natural turn-taking | G11: median ≤ 1.0 s | H11: 2026-10-07 | I11: median 2.13 s, success 1.00 (n=8) | J11: 2026-08-07 | K11: Does not meet — action A-17-03 | L11: Per study / major change | M11: E7 — e7_interaction.json | N11: Richard Watson Stephen Amudha
A12: NFR-Q01 | B12: Accuracy | C12: Citation precision | D12: CR-2026-02 | E12: 2026-03 | F12: DoD FMR answers must be traceable | G12: ≥ 0.98 (set in QO-01) | H12: 2026-10-07 | I12: 0.979 (n=36) | J12: 2026-08-07 | K12: At boundary | L12: Per study / major change | M12: E5 — e5_grounding.json | N12: Richard Watson Stephen Amudha
A13: NFR-Q02 | B13: Accuracy | C13: Citation recall | D13: CR-2026-02 | E13: 2026-03 | F13: DoD FMR answers must be traceable | G13: ≥ 0.80 | H13: 2026-10-07 | I13: 0.826 (n=43) | J13: 2026-08-07 | K13: Meets | L13: Per study / major change | M13: E5 | N13: Richard Watson Stephen Amudha
A14: NFR-Q03 | B14: Accuracy | C14: Fact support rate | D14: CR-2026-02 | E14: 2026-03 | F14: Grounded answers | G14: ≥ 0.80 | H14: 2026-10-07 | I14: 0.815 (75/92) | J14: 2026-08-07 | K14: Meets | L14: Per study / major change | M14: E5 | N14: Richard Watson Stephen Amudha
A15: NFR-Q04 | B15: Accuracy | C15: Abstention when the corpus cannot answer | D15: CR-2026-02 | E15: 2026-03 | F15: Refuse when the corpus cannot answer | G15: ≥ 0.80 | H15: 2026-10-07 | I15: 0.783 (n=23) | J15: 2026-08-07 | K15: Does not meet — action A-17-04 | L15: Per study / major change | M15: E5 | N15: Richard Watson Stephen Amudha
... A35: NFR-D03 | B35: Data protection | C35: Retention bounded per data class | D35: QMS R-06 | E35: 2026-09-21 | F35: Retention | G35: Per class, in days (decision) | H35: 2026-10-07 | I35: No policy | J35: 2026-09-21 | K35: Gap — decision A-17-08 | L35: Each release | M35: REG-03 R-06 | N35: Kishan Haravu Pradeep

Sheet 2025 NFRs
A1: 2025 appliance — non-functional requirements
A2: From the 2025 SOW, design inputs and the May–Sep 2025 lessons log (CR-2025-01…04).
A4: NFR ID | B4: Category | C4: Requirement | D4: Target | E4: Result | F4: Date | G4: Source | H4: Status | I4: Carried into 2026
A5: NFR-2025-01 | B5: Data protection | C5: Fully offline, on-premises operation | D5: Absolute | E5: Met — appliance delivered offline (Sep 2025) | F5: 2025-09-20 | G5: SOW 2025-08-05; ECH-QMS-010 | H5: Met | I5: Carried into NFR-D01
A6: NFR-2025-02 | B6: Performance | C6: Hardware sized for offline RAG (RTX 4090 GPU) | D6: Design input | E6: Met | F6: 2025-07-10 | G6: ECH-QMS-011; prototype review DR-2025-05 | H6: Met | I6: Replaced by the DGX Spark (2026)
A7: NFR-2025-03 | B7: Performance | C7: API responsive under load (LLM and transcription together) | D7: No delays under load | E7: Container limits rebalanced (CR-2025-01) | F7: 2025 | G7: 2025 lessons log #1 | H7: Met | I7: Carried into NFR-P01
A8: NFR-2025-04 | B8: Performance | C8: No latency spikes on large audio | D8: Streaming without spikes | E8: Progressive streaming and async buffering (CR-2025-01) | F8: 2025 | G8: 2025 lessons log #9 | H8: Met | I8: Carried into NFR-P06
A9: NFR-2025-05 | B9: Security | C9: No secrets in plain text | D9: Tokens stored securely | E9: JWT and environment vault (CR-2025-02) | F9: 2025 | G9: 2025 lessons log #3 | H9: Met | I9: Carried into NFR-S05/S06
A10: NFR-2025-06 | B10: Reliability | C10: Back up before redeploying | D10: Snapshot before every redeploy | E10: Automated pre-redeploy snapshot (CR-2025-01) | F10: 2025 | G10: 2025 lessons log #18 | H10: Met | I10: Carried into NFR-R04
A11: NFR-2025-07 | B11: Maintainability | C11: Versioned deployments | D11: Every image tagged | E11: Mandatory version tagging (CR-2025-01) | F11: 2025 | G11: 2025 lessons log #2 | H11: Met | I11: Carried into NFR-M02
A12: NFR-2025-08 | B12: Service | C12: Post-delivery support | D12: 1-year warranty; 20 h consulting | E12: Defined in the SOW | F12: 2025-08-05 | G12: SOW; ECH-QMS-013 | H12: Met (defined) | I12: —
A13: NFR-2025-09 | B13: Records | C13: Project records retained | D13: 7 years | E13: ECH-QMS-008 | F13: 2025 | G13: ECH-QMS-008 | H13: Met | I13: Carried into SOP-01

Sheet Measurement history
A1: Measurement history
A2: Golden-suite runs are listed individually from eval/reports; other measurements from the paper harness, acceptance runs and CI.
A4: Date | B4: Version | C4: NFR | D4: Measurement | E4: Result | F4: Status / note | G4: Evidence
A5: 2026-07-29 12:39 | B5: v1.3.0 | C5: NFR-Q05 | D5: Golden suite | E5: 29/52 | F5: First run of the new harness | G5: eval/reports/eval_20260729-123923.json
A6: 2026-07-29 12:48 | B6: v1.3.0 | C6: NFR-Q05 | D6: Golden suite | E6: 27/52 | F6: Tuning run | G6: eval/reports/eval_20260729-124803.json
A7: 2026-07-29 13:00 | B7: v1.3.0 | C7: NFR-Q05 | D7: Golden suite | E7: 44/52 | F7: Tuning run | G7: eval/reports/eval_20260729-130027.json
A8: 2026-07-29 13:09 | B8: v1.3.0 | C8: NFR-Q05 | D8: Golden suite | E8: 47/52 | F8: Tuning run | G8: eval/reports/eval_20260729-130900.json
A9: 2026-07-29 13:18 | B9: v1.3.0 | C9: NFR-Q05 | D9: Golden suite | E9: 48/52 | F9: Tuning run | G9: eval/reports/eval_20260729-131815.json
A10: 2026-07-29 13:45 | B10: v1.3.0 | C10: NFR-Q05 | D10: Golden suite | E10: 48/52 | F10: Tuning run | G10: eval/reports/eval_20260729-134521.json
A11: 2026-07-29 18:45 | B11: v1.3.0 | C11: NFR-Q05 | D11: Golden suite | E11: 48/52 | F11: Tuning run | G11: eval/reports/eval_20260729-184535.json
A12: 2026-07-29 18:54 | B12: v1.3.0 | C12: NFR-Q05 | D12: Golden suite | E12: 47/52 | F12: Tuning run | G12: eval/reports/eval_20260729-185435.json
A13: 2026-07-29 19:51 | B13: v1.3.0 | C13: NFR-Q05 | D13: Golden suite | E13: 43/52 | F13: Tuning run | G13: eval/reports/eval_20260729-195109.json
A14: 2026-07-29 19:59 | B14: v1.3.0 | C14: NFR-Q05 | D14: Golden suite | E14: 0/7 | F14: Smoke subset (7 questions) | G14: eval/reports/eval_20260729-195914.json
A15: 2026-07-29 20:03 | B15: v1.3.0 | C15: NFR-Q05 | D15: Golden suite | E15: 0/7 | F15: Smoke subset (7 questions) | G15: eval/reports/eval_20260729-200328.json
... A42: 2026-10-07 | B42: v1.4.1 | C42: NFR-R01 | D42: Health checks | E42: Ollama check makes a real embedding; 4 of 6 services checked | F42: Partial | G42: docker-compose.yml

Sheet Monitoring plan
A1: Monitoring plan
A4: Monitor | B4: NFRs covered | C4: Frequency | D4: Mechanism | E4: In place
A5: Unit and type checks | B5: NFR-S04, NFR-M01 | C5: Every push and pull request | D5: GitHub Actions CI | E5: Since 2026-10-07
A6: Acceptance suite (13 test cases) | B6: NFR-Q06, S05–S08, M02 | C6: Every release; after every defect fix | D6: run_tests.py — runs 1–4 on 2026-10-06 | E6: Since 2026-10-06
A7: Golden evaluation (52 questions) | B7: NFR-Q05 | C7: Every release | D7: eval/run_eval.py (aborts if the corpus is missing) | E7: Since 2026-07-29; blocked since 2026-09-15
A8: Research harness E1–E10 | B8: NFR-P01–P04, P07, Q01–Q04, S01–S03 | C8: Per study / major change | D8: eval/paper/ | E8: 2026-08-07
A9: External login gate check | B9: NFR-S05 | C9: Every 6 hours | D9: public-gate-check workflow | E9: Since 2026-10-07
A10: Container health checks | B10: NFR-R01, R02 | C10: Every 15–30 s | D10: docker-compose healthchecks | E10: Continuous
A11: Runtime-settings drift check | B11: NFR-S05, D01 | C11: Before and after any configuration change | D11: scripts/check_runtime_config.sh | E11: Since 2026-10-07
A12: Register review | B12: All | C12: Each release and each management review | D12: This document / REG-09 | E12: From 2026-10-07

Sheet Summary
A1: Summary — live formulas
A4: Category | B4: NFRs | C4: Meeting target | D4: Not yet (action open)
A5: Performance | B5: =COUNTIF('NFR register'!$B:$B,A5) | C5: =COUNTIFS('NFR register'!$B:$B,A5,'NFR register'!$K:$K,"Meets*") | D5: =B5-C5
A6: Accuracy | B6: =COUNTIF('NFR register'!$B:$B,A6) | C6: =COUNTIFS('NFR register'!$B:$B,A6,'NFR register'!$K:$K,"Meets*") | D6: =B6-C6
A7: Security | B7: =COUNTIF('NFR register'!$B:$B,A7) | C7: =COUNTIFS('NFR register'!$B:$B,A7,'NFR register'!$K:$K,"Meets*") | D7: =B7-C7
A8: Reliability | B8: =COUNTIF('NFR register'!$B:$B,A8) | C8: =COUNTIFS('NFR register'!$B:$B,A8,'NFR register'!$K:$K,"Meets*") | D8: =B8-C8
A9: Maintainability | B9: =COUNTIF('NFR register'!$B:$B,A9) | C9: =COUNTIFS('NFR register'!$B:$B,A9,'NFR register'!$K:$K,"Meets*") | D9: =B9-C9
A10: Data protection | B10: =COUNTIF('NFR register'!$B:$B,A10) | C10: =COUNTIFS('NFR register'!$B:$B,A10,'NFR register'!$K:$K,"Meets*") | D10: =B10-C10
A11: Total | B11: =SUM(B5:B10) | C11: =SUM(C5:C10) | D11: =SUM(D5:D10)
