Workbook

Sheet Document control
A1: EM26-20 — Functional Requirements Register (2025 → 2026)
A2: AJACE Inc. · EchoMind Product · ISO 9001:2015 evidence · Controlled in docs/qms (git); uncontrolled when printed
A4: Field | B4: Entry
A5: Document ID | B5: EM26-20
A6: Title | B6: Functional Requirements Register (2025 → 2026)
A7: Version | B7: 1.1
A8: Date | B8: 2026-10-12
A9: Organisation | B9: AJACE Inc. — 14159 Robert Paris Ct., Suite A, Chantilly, VA 20151, USA
A10: Area / project | B10: EchoMind Product — EchoMind (2025 pilot appliance) and EchoMind Enterprise (2026, repository RW2523/echomind-enterprise)
A11: Status | B11: APPROVED — rev 1.1 2026-10-12 (AR-2026-004); rev 1.0 2026-10-12 (AR-2026-003)
A12: Purpose | B12: The functional requirements of EchoMind — the 2025 appliance baseline and the 2026 EchoMind Enterprise requirements — with their source, the review that raised them, when they were delivered (commit), how they were verified and in which release.
A13: Sources | B13: 2025 SOW and test cases; 2026 client and design reviews (EM26-19); git history; acceptance test run 4 (2026-10-06); CAPABILITIES.md.
A14: Copy | B14: PUBLIC COPY — clients shown as Client A–D; the controlled copy given to the auditor carries the names
A15: Dating rule | B15: Every date comes from a record: a 2025 minute or review document, a git commit, a register entry or a test run. Where a remembered month and the commit record differed, the commit date is used. Nothing is back-dated.
... A21: Summary | B21: Counts by module and status (live formulas)
A23: Role | B23: Name | C23: Signature | D23: Date
A24: Prepared by — Lead Engineer | B24: Richard Watson Stephen Amudha | C24: Richard Watson Stephen Amudha | D24: 2026-10-12
A25: Reviewed by — EchoMind Project Lead | B25: Alexander Peter | C25: Alexander Peter | D25: 2026-10-12
A26: Quality assurance — QA / MR | B26: Sheryl Nazareth | C26: Sheryl Nazareth | D26: 2026-10-12
A27: Approved by — Managing Director | B27: Anita Johan | C27: Anita Johan | D27: 2026-10-12
A29: Approval record
A30: Rev 1.1: docs/qms/records/approvals/2026-10-12_AR-2026-004_register_revision_approval.md; rev 1.0: …/2026-10-12_AR-2026-003_register_approval.md. Review and approval confirmed by each role holder; signatures are their typed names (SOP-01 §6).
A32: Date | B32: Version | C32: Owner | D32: Change
A33: 2026-10-11 | B33: 1.0 | C33: Richard Watson Stephen Amudha (Lead Engineer) | D33: First issue
A34: 2026-10-12 | B34: 1.0 | C34: Anita Johan (Managing Director) | D34: Approved — AR-2026-003
A35: 2026-10-12 | B35: 1.1 | C35: Richard Watson Stephen Amudha (Lead Engineer) | D35: Versions v1.0.0–v1.4.1 added (v1.0.0–v1.3.0 retrospective baselines, REG-08 §2a); version reviews
A36: 2026-10-12 | B36: 1.1 | C36: Anita Johan (Managing Director) | D36: Approved — AR-2026-004

Sheet FR register
A1: Functional requirements — 2025 baseline and 2026
A2: Priority: Must / Should / Could. ‘First version’ is the version (REG-08) that first contained the requirement; ‘Verified in’ the release whose tests verified it.
A4: FR ID | B4: Module | C4: Requirement | D4: Source | E4: Raised | F4: Raised in review | G4: Priority | H4: Status | I4: First delivered (commit) | J4: First version | K4: Current implementation | L4: Verified by | M4: Verified in
A5: FR-2025-01 | B5: 2025 appliance | C5: Chat with a local LLM through a web interface | D5: SOW — 2025 university pilot customer | E5: 2025-05-22 | F5: DR-2025-03 | G5: Must | H5: Delivered | I5: 2025-09 (llama3.1:8b, Streamlit UI) | J5: 2025 appliance | K5: Carried into FR-KC-02 / FR-KC-03 | L5: 2025 Test case 1 — UI loading and basic LLM query | M5: 2025 appliance
A6: FR-2025-02 | B6: 2025 appliance | C6: Real-time transcription with contextual questions over the transcript | D6: SOW — 2025 university pilot customer | E6: 2025-05-22 | F6: DR-2025-03 | G6: Must | H6: Delivered | I6: 2025-09 | J6: 2025 appliance | K6: Carried into FR-LT-01 / FR-LT-03 | L6: 2025 Test case 2; TC-EM-Transcribe-003 | M6: 2025 appliance
A7: FR-2025-03 | B7: 2025 appliance | C7: Upload documents into the knowledge base, with an activity record | D7: SOW — 2025 university pilot customer | E7: 2025-07-15 | F7: DR-2025-07 | G7: Must | H7: Delivered | I7: 2025-09 | J7: 2025 appliance | K7: Carried into FR-KC-01 | L7: TC-EM-UI-Upload-001 | M7: 2025 appliance
A8: FR-2025-04 | B8: 2025 appliance | C8: Containerised service stack (api, ui, vectordb, transcribe, ollama), deployable on site | D8: SOW — 2025 university pilot customer | E8: 2025-07-15 | F8: DR-2025-07 | G8: Must | H8: Delivered | I8: 2025-09 (Portainer stacks) | J8: 2025 appliance | K8: Carried into FR-PL-01 (Docker Compose) | L8: TC-EM-Stacks-002 | M8: 2025 appliance
A9: FR-2025-05 | B9: 2025 appliance | C9: System guide and maintenance manual for the customer | D9: SOW — 2025 university pilot customer | E9: 2025-08-05 | F9: DR-2025-09 | G9: Should | H9: Delivered (2026) | I9: 2026-06-22 USER_MANUAL (dfcf300) | J9: v1.2.0 | K9: docs/USER_MANUAL.md / .pdf | L9: Document review | M9: v1.4.0
A10: FR-PL-01 | B10: Platform | C10: Run the whole product offline on one portable AI supercomputer (DGX Spark) | D10: CR-2026-01 platform decision | E10: 2026-01 | F10: CR-2026-01 | G10: Must | H10: Delivered | I10: 2026-02-05 (4b90b36, c751d79) | J10: v1.0.0 | K10: Offline preparation 0818cdc; offline bundle scripts | L10: TC-EM-OPS-105; Pass (run 4, 2026-10-06) | M10: v1.4.0
A11: FR-KC-01 | B11: Knowledge chat | C11: Upload PDF, DOCX and PPTX and index them for questions | D11: 2025 baseline (FR-2025-03) | E11: 2026-02-05 | F11: CR-2026-02 | G11: Must | H11: Delivered | I11: 2026-02-05 (4b90b36) | J11: v1.0.0 | K11: Ingestion overhaul 7e582e1 (2026-08-16); allow-list e0ed4d0 | L11: TC-EM-DOC-102 — Pass (run 4, 2026-10-06) | M11: v1.4.1
A12: FR-KC-02 | B12: Knowledge chat | C12: Answer from the customer's documents with citations; never invent a source | D12: 2025 baseline (FR-2025-01) | E12: 2026-02-05 | F12: CR-2026-02 | G12: Must | H12: Delivered | I12: 2026-02-05 (4b90b36) | J12: v1.0.0 | K12: Honest citations 343117f (2026-07-29) | L12: TC-EM-RAG-103 — Pass (run 4, 2026-10-06); golden suite | M12: v1.4.1
A13: FR-KC-03 | B13: Knowledge chat | C13: Stream answers token by token | D13: 2025 baseline (FR-2025-01) | E13: 2026-02-05 | F13: — | G13: Should | H13: Delivered | I13: 2026-02-05 (da4787d) | J13: v1.0.0 | K13: TensorRT-LLM streaming | L13: Unit tests (CI) | M13: v1.4.0
A14: FR-KC-04 | B14: Knowledge chat | C14: Find answers in very large regulations (DoD FMR, ~7,300 pages) by section and table of contents | D14: Client A; Client B (Bahrain) | E14: 2026-03 | F14: CR-2026-02 | G14: Must | H14: Delivered | I14: 2026-03-05 (18715c7, cfe3360); TOC 5057a30 (03-06) | J14: v1.1.0 | K14: Hierarchical section → chunk retrieval; BookRAG off (2decb99) | L14: Golden suite 50/52 (2026-07-30) | M14: v1.4.0
A15: FR-KC-05 | B15: Knowledge chat | C15: Personas (financial adviser, lawyer, teacher and others) | D15: Client A; Client B (Bahrain) — personal AI assistant | E15: 2026-03 | F15: CR-2026-02 | G15: Should | H15: Delivered | I15: 2026-03-08 (95d3512) | J15: v1.1.0 | K15: Persona types 518fb8e (04-08); per-vertical personas c6b834d (06-27) | L15: Manual check; persona quality overhaul 343117f | M15: v1.4.0
... A43: FR-PL-09 | B43: Platform | C43: Back up and restore customer data | D43: QMS (G-03); 2025 lesson #18 | E43: 2026-09-21 | F43: RV-2026-06 | G43: Must | H43: Delivered | I43: 2026-09-22 (backup_data.sh, restore_data.sh) | J43: v1.4.0 | K43: Nightly off-host copy to be installed (R-02) | L43: TC-EM-BKP-113 — Pass (run 4, 2026-10-06) | M43: v1.4.0

Sheet Traceability
A1: Traceability — requirement → review → delivery → verification → release
A4: FR ID | B4: Requirement | C4: Review | D4: Delivered | E4: First version | F4: Verification | G4: Result | H4: Verified in
A5: FR-2025-01 | B5: Chat with a local LLM through a web interface | C5: DR-2025-03 | D5: 2025-09 (llama3.1:8b, Streamlit UI) | E5: 2025 appliance | F5: 2025 Test case 1 | G5: UI loading and basic LLM query | H5: 2025 appliance
A6: FR-2025-02 | B6: Real-time transcription with contextual questions over the transcript | C6: DR-2025-03 | D6: 2025-09 | E6: 2025 appliance | F6: 2025 Test case 2; TC-EM-Transcribe-003 | G6: See verification | H6: 2025 appliance
A7: FR-2025-03 | B7: Upload documents into the knowledge base, with an activity record | C7: DR-2025-07 | D7: 2025-09 | E7: 2025 appliance | F7: TC-EM-UI-Upload-001 | G7: See verification | H7: 2025 appliance
A8: FR-2025-04 | B8: Containerised service stack (api, ui, vectordb, transcribe, ollama), deployable on site | C8: DR-2025-07 | D8: 2025-09 (Portainer stacks) | E8: 2025 appliance | F8: TC-EM-Stacks-002 | G8: See verification | H8: 2025 appliance
A9: FR-2025-05 | B9: System guide and maintenance manual for the customer | C9: DR-2025-09 | D9: 2026-06-22 USER_MANUAL (dfcf300) | E9: v1.2.0 | F9: Document review | G9: See verification | H9: v1.4.0
A10: FR-PL-01 | B10: Run the whole product offline on one portable AI supercomputer (DGX Spark) | C10: CR-2026-01 | D10: 2026-02-05 (4b90b36, c751d79) | E10: v1.0.0 | F10: TC-EM-OPS-105; Pass (run 4, 2026-10-06) | G10: See verification | H10: v1.4.0
A11: FR-KC-01 | B11: Upload PDF, DOCX and PPTX and index them for questions | C11: CR-2026-02 | D11: 2026-02-05 (4b90b36) | E11: v1.0.0 | F11: TC-EM-DOC-102 | G11: Pass (run 4, 2026-10-06) | H11: v1.4.1
A12: FR-KC-02 | B12: Answer from the customer's documents with citations; never invent a source | C12: CR-2026-02 | D12: 2026-02-05 (4b90b36) | E12: v1.0.0 | F12: TC-EM-RAG-103 | G12: Pass (run 4, 2026-10-06); golden suite | H12: v1.4.1
A13: FR-KC-03 | B13: Stream answers token by token | C13: — | D13: 2026-02-05 (da4787d) | E13: v1.0.0 | F13: Unit tests (CI) | G13: See verification | H13: v1.4.0
A14: FR-KC-04 | B14: Find answers in very large regulations (DoD FMR, ~7,300 pages) by section and table of contents | C14: CR-2026-02 | D14: 2026-03-05 (18715c7, cfe3360); TOC 5057a30 (03-06) | E14: v1.1.0 | F14: Golden suite 50/52 (2026-07-30) | G14: See verification | H14: v1.4.0
A15: FR-KC-05 | B15: Personas (financial adviser, lawyer, teacher and others) | C15: CR-2026-02 | D15: 2026-03-08 (95d3512) | E15: v1.1.0 | F15: Manual check; persona quality overhaul 343117f | G15: See verification | H15: v1.4.0
... A43: FR-PL-09 | B43: Back up and restore customer data | C43: RV-2026-06 | D43: 2026-09-22 (backup_data.sh, restore_data.sh) | E43: v1.4.0 | F43: TC-EM-BKP-113 | G43: Pass (run 4, 2026-10-06) | H43: v1.4.0

Sheet Requirement changes
A1: Requirement changes (ISO 9001 8.2.4)
A4: Change ID | B4: Date | C4: Requirements | D4: Change | E4: Review | F4: Requested by | G4: Status
A5: RC-2025-01 | B5: 2025-08-05 | C5: FR-2025-01…04 | D5: Requirements fixed in the signed SOW (offline on-premises system, BYOA pilot) | E5: DR-2025-09 | F5: 2025 university pilot customer; AJACE | G5: SOW signed
A6: RC-2026-01 | B6: 2026-01 | C6: FR-PL-01 | D6: Platform changed from a single RTX 4090 PC to a DGX Spark | E6: CR-2026-01 | F6: EchoMind team | G6: Implemented 2026-02-05
A7: RC-2026-02 | B7: 2026-03 | C7: FR-VC-01 | D7: Conversation must be natural and fast — Unmute stack replaced by PersonaPlex | E7: CR-2026-03 | F7: Clients A and B | G7: Implemented; superseded by RC-2026-03
A8: RC-2026-03 | B8: 2026-04 | C8: FR-VC-01 | D8: Conversation must use the customer's large knowledge base — own dual-loop architecture | E8: CR-2026-04 | F8: Clients A and B | G8: Implemented 2026-04-08
A9: RC-2026-04 | B9: 2026-03 → 07 | C9: FR-KC-04 | D9: DoD FMR retrieval: BookRAG and PageIndex tried; section-based retrieval kept; BookRAG switched off as it measured worse (43/52 vs 50/52) | E9: CR-2026-02 | F9: EchoMind team | G9: Implemented 2026-07-30 (2decb99)
A10: RC-2026-05 | B10: 2026-04 | C10: FR-LT-01, FR-LT-02 | D10: Transcript accuracy and speed: Whisper → Nemotron; Parakeet final with fallback; chat Ollama → TensorRT-LLM | E10: CR-2026-06 | F10: Client A | G10: Implemented 2026-04-08 → 07-29
A11: RC-2026-06 | B11: 2026-05 | C11: FR-SA-01…03 | D11: New listen-only mode that never replies | E11: CR-2026-07 | F11: Client C | G11: Implemented 2026-05-11 → 08-16
A12: RC-2026-07 | B12: 2026-06 | C12: FR-DS-01…04 | D12: New document studio with and without templates | E12: CR-2026-09 | F12: Client D | G12: Implemented 2026-06-20 → 06-27

Sheet Summary
A1: Summary — live formulas
A4: Module | B4: Requirements | C4: Delivered | D4: Must-have
A5: 2025 appliance | B5: =COUNTIF('FR register'!$B:$B,A5) | C5: =COUNTIFS('FR register'!$B:$B,A5,'FR register'!$H:$H,"Delivered*") | D5: =COUNTIFS('FR register'!$B:$B,A5,'FR register'!$G:$G,"Must")
A6: Platform | B6: =COUNTIF('FR register'!$B:$B,A6) | C6: =COUNTIFS('FR register'!$B:$B,A6,'FR register'!$H:$H,"Delivered*") | D6: =COUNTIFS('FR register'!$B:$B,A6,'FR register'!$G:$G,"Must")
A7: Knowledge chat | B7: =COUNTIF('FR register'!$B:$B,A7) | C7: =COUNTIFS('FR register'!$B:$B,A7,'FR register'!$H:$H,"Delivered*") | D7: =COUNTIFS('FR register'!$B:$B,A7,'FR register'!$G:$G,"Must")
A8: Live transcription | B8: =COUNTIF('FR register'!$B:$B,A8) | C8: =COUNTIFS('FR register'!$B:$B,A8,'FR register'!$H:$H,"Delivered*") | D8: =COUNTIFS('FR register'!$B:$B,A8,'FR register'!$G:$G,"Must")
A9: Silent Assistant | B9: =COUNTIF('FR register'!$B:$B,A9) | C9: =COUNTIFS('FR register'!$B:$B,A9,'FR register'!$H:$H,"Delivered*") | D9: =COUNTIFS('FR register'!$B:$B,A9,'FR register'!$G:$G,"Must")
A10: Boardroom | B10: =COUNTIF('FR register'!$B:$B,A10) | C10: =COUNTIFS('FR register'!$B:$B,A10,'FR register'!$H:$H,"Delivered*") | D10: =COUNTIFS('FR register'!$B:$B,A10,'FR register'!$G:$G,"Must")
A11: Voice | B11: =COUNTIF('FR register'!$B:$B,A11) | C11: =COUNTIFS('FR register'!$B:$B,A11,'FR register'!$H:$H,"Delivered*") | D11: =COUNTIFS('FR register'!$B:$B,A11,'FR register'!$G:$G,"Must")
A12: Document Studio | B12: =COUNTIF('FR register'!$B:$B,A12) | C12: =COUNTIFS('FR register'!$B:$B,A12,'FR register'!$H:$H,"Delivered*") | D12: =COUNTIFS('FR register'!$B:$B,A12,'FR register'!$G:$G,"Must")
A13: Total | B13: =SUM(B5:B12) | C13: =SUM(C5:C12) | D13: =SUM(D5:D12)
